PN,average_identity,num,average_read_len,average_coverage,average_speed,average_basecall_LT
L617,87.29990717221051,40932,7728.0575198903925,0.9182635227659545,2.365325228969786,53.56771589468708
L844,87.5911461265036,60691,6900.094817546584,0.9226219812881729,2.1657775310859213,52.433545899111444
L617,87.29990717221051,40932,7728.0575198903925,0.9182635227659545,2.365325228969786,53.56771589468708
L844,87.5911461265036,60691,6900.094817546584,0.9226219812881729,2.1657775310859213,52.433545899111444
L617,87.29990717221051,40932,7728.0575198903925,0.9182635227659545,2.365325228969786,53.56771589468708
L844,87.5911461265036,60691,6900.094817546584,0.9226219812881729,2.1657775310859213,52.433545899111444
